St. George,5
Williamsburg,2
Bedford-Stuyvesant,2
Bensonhurst,2
Gravesend,2
Midtown,3
Hell's Kitchen,3
East Village,3
Ditmars Steinway,4
Crown Heights,2
Clinton Hill,2
Upper West Side,3
East Harlem,3
Harlem,3
Prospect-Lefferts Gardens,2
Carroll Gardens,2
South Slope,2
Tompkinsville,5
Long Island City,4
Fort Greene,2
Sunset Park,2
Lower East Side,3
Bushwick,2
Prospect Heights,2
Greenpoint,2
Boerum Hill,2
Jamaica,4
Upper East Side,3
Chinatown,3
Brighton Beach,2
Flatbush,2
Park Slope,2
Ridgewood,4
Rockaway Beach,4
Chelsea,3
Vinegar Hill,2
Red Hook,2
Gowanus,2
Brownsville,2
West Village,3
Astoria,4
Woodside,4
Brooklyn Heights,2
Kips Bay,3
Elmhurst,4
Forest Hills,4
Washington Heights,3
Greenwich Village,3
Little Italy,3
Sunnyside,4
Mott Haven,1
Cobble Hill,2
Nolita,3
Kensington,2
East Flatbush,2
Pelham Gardens,1
St. George,5
Middle Village,4
Flatiron District,3
Murray Hill,3
Windsor Terrace,2
Downtown Brooklyn,2
Financial District,3
Midwood,2
Clason Point,1
Midland Beach,5
Eastchester,1
Co-op City,1
Inwood,3
West Brighton,5
DUMBO,2
Kingsbridge,1
Tribeca,3
SoHo,3
City Island,1
Theater District,3
Columbia St,2
Jackson Heights,4
Woodhaven,4
Stapleton,5
Flatlands,2
Bay Ridge,2
Cypress Hills,2
East New York,2
Morningside Heights,3
Concourse,1
University Heights,1
Battery Park City,3
Mariners Harbor,5
East Morrisania,1
Tremont,1
Allerton,1
Mount Hope,1
Sheepshead Bay,2
Hunts Point,1
Emerson Hill,5
Shore Acres,5
Bayside,4
Richmond Hill,4
Springfield Gardens,4
Gramercy,3
Rego Park,4
Two Bridges,3
Longwood,1
Tottenville,5
Briarwood,4
Navy Yard,2
Belmont,1
Flushing,4
Fordham,1
Fort Hamilton,2
Fort Wadsworth,5
Maspeth,4
Spuyten Duyvil,1
Claremont Village,1
NoHo,3
Belle Harbor,4
Stuyvesant Town,3
Edenwald,1
Bergen Beach,2
Glendale,4
East Elmhurst,4
New Springville,5
Port Morris,1
Randall Manor,5
Borough Park,2
Baychester,1
Fresh Meadows,4
Highbridge,1
Concord,5
Civic Center,3
Canarsie,2
Huguenot,5
Arverne,4
Melrose,1
College Point,4
Norwood,1
Marble Hill,3
Kew Gardens,4
Williamsbridge,1
Bronxdale,1
Concourse Village,1
Kew Gardens Hills,4
Queens Village,4
Mill Basin,2
Bay Terrace,4
Coney Island,2
Morris Heights,1
Soundview,1
Ozone Park,4
New Brighton,5
Roosevelt Island,3
Parkchester,1
Riverdale,1
Sea Gate,2
Castleton Corners,5
Pelham Bay,1
Little Neck,4
Morrisania,1
Dyker Heights,2
Clifton,5
Morris Park,1
Corona,4
Manhattan Beach,2
Wakefield,1
St. Albans,4
Lighthouse Hill,5
Unionport,1
Jamaica Estates,4
Silver Lake,5
Whitestone,4
Hollis,4
South Ozone Park,4
Bellerose,4
Laurelton,4
Dongan Hills,5
Far Rockaway,4
Howard Beach,4
Woodlawn,1
Rosebank,5
Bath Beach,2
Port Richmond,5
Jamaica Hills,4
Gerritsen Beach,2
Great Kills,5
Graniteville,5
Fieldston,1
Olinville,1
Grymes Hill,5
Holliswood,4
Cambria Heights,4
Edgemere,4
Van Nest,1
Douglaston,4
Arrochar,5
Throgs Neck,1
Richmondtown,5
Breezy Point,4
Prince's Bay,5
North Riverdale,1
Howland Hook,5
Rosedale,4
Mount Eden,1
Grant City,5
South Beach,5
Oakwood,5
New Dorp,5
Willowbrook,5
Westerleigh,5
Schuylerville,1
New Dorp Beach,5
Bayswater,4
Country Club,1
Westchester Square,1
Neponsit,4
West Farms,1
Bull's Head,5
Castle Hill,1
Arden Heights,5
Woodrow,5
"Chelsea, Staten Island",5