Allerton,1
Arden Heights,5
Arrochar,5
Arverne,4
Astoria,4
Bath Beach,2
Battery Park City,3
Bay Ridge,2
Bay Terrace,4
"Bay Terrace, Staten Island",5
Baychester,1
Bayside,4
Bayswater,4
Bedford-Stuyvesant,2
Belle Harbor,4
Bellerose,4
Belmont,1
Bensonhurst,2
Bergen Beach,2
Bloomfield,5
Boerum Hill,2
Borough Park,2
Breezy Point,4
Briarwood,4
Brighton Beach,2
Bronxdale,1
Brooklyn Heights,2
Brownsville,2
Bull's Head,5
Bushwick,2
Cambria Heights,4
Canarsie,2
Carroll Gardens,2
Castle Hill,1
Castleton Corners,5
Charleston,5
Chelsea,3
"Chelsea, Staten Island",5
Chinatown,3
City Island,1
Civic Center,3
Claremont Village,1
Clason Point,1
Clifton,5
Clinton Hill,2
Co-op City,1
Cobble Hill,2
College Point,4
Columbia St,2
Concord,5
Concourse,1
Concourse Village,1
Coney Island,2
Corona,4
Country Club,1
Crown Heights,2
Cypress Hills,2
Ditmars Steinway,4
Dongan Hills,5
Douglaston,4
Downtown Brooklyn,2
DUMBO,2
Dyker Heights,2
East Elmhurst,4
East Flatbush,2
East Harlem,3
East Morrisania,1
East New York,2
East Village,3
Eastchester,1
Edenwald,1
Edgemere,4
Elmhurst,4
Eltingville,5
Emerson Hill,5
Far Rockaway,4
Fieldston,1
Financial District,3
Flatbush,2
Flatiron District,3
Flatlands,2
Flushing,4
Fordham,1
Forest Hills,4
Fort Greene,2
Fort Hamilton,2
Fort Wadsworth,5
Fresh Meadows,4
Gerritsen Beach,2
Glen Oaks,4
Glendale,4
Gowanus,2
Gramercy,3
Graniteville,5
Grant City,5
Gravesend,2
Great Kills,5
Greenpoint,2
Greenwich Village,3
Grymes Hill,5
Harlem,3
Hell's Kitchen,3
Highbridge,1
Hollis,4
Hollis Hills,4
Holliswood,4
Howard Beach,4
Howland Hook,5
Huguenot,5
Hunts Point,1
Inwood,3
Jackson Heights,4
Jamaica,4
Jamaica Estates,4
Jamaica Hills,4
Kensington,2
Kew Gardens,4
Kew Gardens Hills,4
Kingsbridge,1
Kips Bay,3
Laurelton,4
Lighthouse Hill,5
Little Italy,3
Little Neck,4
Long Island City,4
Longwood,1
Lower East Side,3
Manhattan Beach,2
Marble Hill,3
Mariners Harbor,5
Maspeth,4
Melrose,1
Middle Village,4
Midland Beach,5
Midtown,3
Midwood,2
Mill Basin,2
Morningside Heights,3
Morris Heights,1
Morris Park,1
Morrisania,1
Mott Haven,1
Mount Eden,1
Mount Hope,1
Murray Hill,3
Navy Yard,2
Neponsit,4
New Brighton,5
New Dorp,5
New Dorp Beach,5
New Springville,5
NoHo,3
Nolita,3
North Riverdale,1
Norwood,1
Oakwood,5
Olinville,1
Ozone Park,4
Park Slope,2
Parkchester,1
Pelham Bay,1
Pelham Gardens,1
Pleasant Plains,5
Port Ivory,5
Port Morris,1
Port Richmond,5
Prince's Bay,5
Prospect Heights,2
Prospect-Lefferts Gardens,2
Queens Village,4
Randall Manor,5
Red Hook,2
Rego Park,4
Richmond Hill,4
Richmondtown,5
Ridgewood,4
Riverdale,1
Rockaway Beach,4
Roosevelt Island,3
Rosebank,5
Rosedale,4
Rossville,5
Schuylerville,1
Sea Gate,2
Sheepshead Bay,2
Shore Acres,5
Silver Lake,5
SoHo,3
Soundview,1
South Beach,5
South Ozone Park,4
South Slope,2
Springfield Gardens,4
Spuyten Duyvil,1
St. Albans,4
St. George,5
Stapleton,5
Stuyvesant Town,3
Sunnyside,4
Sunset Park,2
Theater District,3
Throgs Neck,1
Todt Hill,5
Tompkinsville,5
Tottenville,5
Tremont,1
Tribeca,3
Two Bridges,3
Unionport,1
University Heights,1
Upper East Side,3
Upper West Side,3
Van Nest,1
Vinegar Hill,2
Wakefield,1
Washington Heights,3
West Brighton,5
West Farms,1
West Village,3
Westchester Square,1
Westerleigh,5
Whitestone,4
Williamsbridge,1
Williamsburg,2
Willowbrook,5
Windsor Terrace,2
Woodhaven,4
Woodlawn,1
Woodrow,5
Woodside,4