﻿101,MURDER & NON-NEGL. MANSLAUGHTE
102,HOMICIDE-NEGLIGENT-VEHICLE
103,"HOMICIDE-NEGLIGENT,UNCLASSIFIE"
104,RAPE
105,ROBBERY
106,FELONY ASSAULT
107,BURGLARY
109,GRAND LARCENY
110,GRAND LARCENY OF MOTOR VEHICLE
112,THEFT-FRAUD
113,FORGERY
114,ARSON
116,SEX CRIMES
118,DANGEROUS WEAPONS
120,CHILD ABANDONMENT/NON SUPPORT
121,CRIMINAL MISCHIEF & RELATED OF
124,KIDNAPPING & RELATED OFFENSES
125,NYS LAWS-UNCLASSIFIED FELONY
126,MISCELLANEOUS PENAL LAW
230,JOSTLING
231,BURGLAR'S TOOLS
232,POSSESSION OF STOLEN PROPERTY
235,DANGEROUS DRUGS
237,ESCAPE 3
238,FRAUDULENT ACCOSTING
250,CANNABIS RELATED OFFENSES
340,FRAUDS
341,PETIT LARCENY
343,OTHER OFFENSES RELATED TO THEF
344,ASSAULT 3 & RELATED OFFENSES
345,ENDAN WELFARE INCOMP
346,ALCOHOLIC BEVERAGE CONTROL LAW
347,INTOXICATED & IMPAIRED DRIVING
348,VEHICLE AND TRAFFIC LAWS
349,DISRUPTION OF A RELIGIOUS SERV
350,GAMBLING
352,CRIMINAL TRESPASS
353,UNAUTHORIZED USE OF A VEHICLE
354,ANTICIPATORY OFFENSES
355,OFFENSES AGAINST THE PERSON
356,PROSTITUTION & RELATED OFFENSES
358,OFFENSES INVOLVING FRAUD
359,OFFENSES AGAINST PUBLIC ADMINI
361,OFF. AGNST PUB ORD SENSBLTY &
363,OFFENSES AGAINST PUBLIC SAFETY
364,AGRICULTURE & MRKTS LAW-UNCLASSIFIED
455,UNLAWFUL POSS. WEAP. ON SCHOOL
572,DISORDERLY CONDUCT
578,HARRASSMENT 2
675,ADMINISTRATIVE CODE
677,OTHER STATE LAWS
880,MOVING INFRACTIONS
881,OTHER TRAFFIC INFRACTION
882,PARKING OFFENSES
995,FOR OTHER AUTHORITIES